"","filename","object_id","url"
"1","ess-dive-a4445eee07e7981-20240131T003440400","1RJACDFMWKrqhTiGqiLCT4v0YSMSC0tTo","https://drive.google.com/drive/folders/1RJACDFMWKrqhTiGqiLCT4v0YSMSC0tTo"
"2","ess-dive-e6cd198fcf29aa1-20240809T014837066","1J3rTvIhpcoxj-fs2HyZloftPNSWajTE1","https://drive.google.com/drive/folders/1J3rTvIhpcoxj-fs2HyZloftPNSWajTE1"
"3","ess-dive-bbb6ca1a1c0f5eb-20240930T161044102","13IiVUxbkd-mP9NUH0npg4rKQd2FNrXS3","https://drive.google.com/drive/folders/13IiVUxbkd-mP9NUH0npg4rKQd2FNrXS3"
"4","ess-dive-f782da867133296-20230504T211008637996","1dJRBssH6MS7pXjqc-Zzwx4hYMlf7c0CI","https://drive.google.com/drive/folders/1dJRBssH6MS7pXjqc-Zzwx4hYMlf7c0CI"
"5","ess-dive-f2371c024052163-20230407T141901172168","1HHHPyuApt4ez6NXq5ahJ30NNWwk4YcMH","https://drive.google.com/drive/folders/1HHHPyuApt4ez6NXq5ahJ30NNWwk4YcMH"
"6","ess-dive-4078fe77736a798-20230407T145201313166","1b3GJalPmuhKHsO2CYHcwhpA2NuQB2Mvy","https://drive.google.com/drive/folders/1b3GJalPmuhKHsO2CYHcwhpA2NuQB2Mvy"
"7","ess-dive-194cc9b9f0b4a05-20230407T145937819177","1mdXpjSwyUxzzh5iBGQcEDIyWYkQRkAE8","https://drive.google.com/drive/folders/1mdXpjSwyUxzzh5iBGQcEDIyWYkQRkAE8"
"8","ess-dive-05472da112ddcde-20240725T165624713","1udZzo4CFJv51XWmk3cqjps1um71_3GCR","https://drive.google.com/drive/folders/1udZzo4CFJv51XWmk3cqjps1um71_3GCR"
"9","ess-dive-8022f2b810c6d82-20240130T234931220","1JYvZ1rnD7ko4soUQYooUqv0-hOSq-HP6","https://drive.google.com/drive/folders/1JYvZ1rnD7ko4soUQYooUqv0-hOSq-HP6"
"10","ess-dive-1dae6d6afe284b2-20230407T144625920281","1gG9pDZ2EhKwqYTJhkGuFthMOsK17_Fzp","https://drive.google.com/drive/folders/1gG9pDZ2EhKwqYTJhkGuFthMOsK17_Fzp"
"11","ess-dive-545d3603e3e9c08-20240923T120202860","1K2DSjZi7_A0tmAIQqgJlKmXXVdDzXO0z","https://drive.google.com/drive/folders/1K2DSjZi7_A0tmAIQqgJlKmXXVdDzXO0z"
"12","ess-dive-a9c744448afb609-20230504T211327626344","1jmliLEqLjxmxn7GyfPLiqjmyklWzoIKV","https://drive.google.com/drive/folders/1jmliLEqLjxmxn7GyfPLiqjmyklWzoIKV"
"13","ess-dive-ccbec0a3e194f6c-20240926T153017986","1EiBhzM45PuIFVlNLtgsbqRcFnTOOnyUO","https://drive.google.com/drive/folders/1EiBhzM45PuIFVlNLtgsbqRcFnTOOnyUO"
"14","ess-dive-e8f9a7541f1216d-20241213T155855870","1mMwo5WQ1Uxp6RyKRb-EuYsW2bYRhByCN","https://drive.google.com/drive/folders/1mMwo5WQ1Uxp6RyKRb-EuYsW2bYRhByCN"
"15","ess-dive-5b484843dde5bf6-20240408T174755796","1698qgSqpbY_ag6ymdJ5kjZkhDq_lYgro","https://drive.google.com/drive/folders/1698qgSqpbY_ag6ymdJ5kjZkhDq_lYgro"
"16","ess-dive-f54300465639a3d-20250210T205228834","1EoURK_zSKILxSbFA6z0KxmyXbvOG_yOn","https://drive.google.com/drive/folders/1EoURK_zSKILxSbFA6z0KxmyXbvOG_yOn"
"17","ess-dive-0878d2c34f3018b-20230407T141319392103","1QXW0gassbzpQ6TI7TlHNLR8Rki7B2pHR","https://drive.google.com/drive/folders/1QXW0gassbzpQ6TI7TlHNLR8Rki7B2pHR"
"18","ess-dive-120a44f1c8a626c-20250311T003739070","1-Z2dLpx32cz14PPp5UfwLou4AXK78DQp","https://drive.google.com/drive/folders/1-Z2dLpx32cz14PPp5UfwLou4AXK78DQp"
