doi,source_file,id,id_type,depth,date,pH,ph_method,latitude,longitude,IGSN,notes
doi:10.15485/1994876,MCB2017_density_and_bulk_fractions.csv,18:ER-MCB1,ID:location,15-30,2017-06,7.417,unknown,38.92296836,-106.9501598,,"lat/long source: doi:10.15485/1994876:sample_metadata.xlsx (position ER-MCB1, Near river; one point per transect position, triplicates share it); pH method not described in package (methods text omits pH; Anderson et al. 2023 ACS Earth Space Chem 7:1623 not accessible to confirm); air-dried, <2 mm sieved floodplain sediment (Meander C, East River), not a developed soil profile; depth range inferred, not confirmed: source reports a single depth (30 cm, 'shallow'/'deep'; Anderson et al. 2023 SI also gives only 30/70 cm); mapped to 15-30 cm as the 15 cm core increment (5 cm diameter slide-hammer corer) with bottom at 30 cm, per related package doi:10.15485/1860454:S_XANES_bulk soil and sediment.csv (sample labels MCB3_15-30cm_2017, MCB3_50-90cm_2017) and package methods (June 2017 Meander C cores collected in ~15 cm increments by 5 cm corer, then 8.3 cm bucket auger below coarse alluvium); Fox et al. list only position MCB3, same sampling scheme assumed for MCB1/MCB2; sampled June 2017"
doi:10.15485/1994876,MCB2017_density_and_bulk_fractions.csv,44:ER-MCB1,ID:location,15-30,2017-06,7.34,unknown,38.92296836,-106.9501598,,"lat/long source: doi:10.15485/1994876:sample_metadata.xlsx (position ER-MCB1, Near river; one point per transect position, triplicates share it); pH method not described in package (methods text omits pH; Anderson et al. 2023 ACS Earth Space Chem 7:1623 not accessible to confirm); air-dried, <2 mm sieved floodplain sediment (Meander C, East River), not a developed soil profile; depth range inferred, not confirmed: source reports a single depth (30 cm, 'shallow'/'deep'; Anderson et al. 2023 SI also gives only 30/70 cm); mapped to 15-30 cm as the 15 cm core increment (5 cm diameter slide-hammer corer) with bottom at 30 cm, per related package doi:10.15485/1860454:S_XANES_bulk soil and sediment.csv (sample labels MCB3_15-30cm_2017, MCB3_50-90cm_2017) and package methods (June 2017 Meander C cores collected in ~15 cm increments by 5 cm corer, then 8.3 cm bucket auger below coarse alluvium); Fox et al. list only position MCB3, same sampling scheme assumed for MCB1/MCB2; sampled June 2017"
doi:10.15485/1994876,MCB2017_density_and_bulk_fractions.csv,60:ER-MCB1,ID:location,15-30,2017-06,7.405,unknown,38.92296836,-106.9501598,,"lat/long source: doi:10.15485/1994876:sample_metadata.xlsx (position ER-MCB1, Near river; one point per transect position, triplicates share it); pH method not described in package (methods text omits pH; Anderson et al. 2023 ACS Earth Space Chem 7:1623 not accessible to confirm); air-dried, <2 mm sieved floodplain sediment (Meander C, East River), not a developed soil profile; depth range inferred, not confirmed: source reports a single depth (30 cm, 'shallow'/'deep'; Anderson et al. 2023 SI also gives only 30/70 cm); mapped to 15-30 cm as the 15 cm core increment (5 cm diameter slide-hammer corer) with bottom at 30 cm, per related package doi:10.15485/1860454:S_XANES_bulk soil and sediment.csv (sample labels MCB3_15-30cm_2017, MCB3_50-90cm_2017) and package methods (June 2017 Meander C cores collected in ~15 cm increments by 5 cm corer, then 8.3 cm bucket auger below coarse alluvium); Fox et al. list only position MCB3, same sampling scheme assumed for MCB1/MCB2; sampled June 2017"
doi:10.15485/1994876,MCB2017_density_and_bulk_fractions.csv,31:ER-MCB2,ID:location,15-30,2017-06,6.417,unknown,38.92295536,-106.9500587,,"lat/long source: doi:10.15485/1994876:sample_metadata.xlsx (position ER-MCB2, Intermediate; one point per transect position, triplicates share it); pH method not described in package (methods text omits pH; Anderson et al. 2023 ACS Earth Space Chem 7:1623 not accessible to confirm); air-dried, <2 mm sieved floodplain sediment (Meander C, East River), not a developed soil profile; depth range inferred, not confirmed: source reports a single depth (30 cm, 'shallow'/'deep'; Anderson et al. 2023 SI also gives only 30/70 cm); mapped to 15-30 cm as the 15 cm core increment (5 cm diameter slide-hammer corer) with bottom at 30 cm, per related package doi:10.15485/1860454:S_XANES_bulk soil and sediment.csv (sample labels MCB3_15-30cm_2017, MCB3_50-90cm_2017) and package methods (June 2017 Meander C cores collected in ~15 cm increments by 5 cm corer, then 8.3 cm bucket auger below coarse alluvium); Fox et al. list only position MCB3, same sampling scheme assumed for MCB1/MCB2; sampled June 2017"
doi:10.15485/1994876,MCB2017_density_and_bulk_fractions.csv,36:ER-MCB2,ID:location,15-30,2017-06,6.533,unknown,38.92295536,-106.9500587,,"lat/long source: doi:10.15485/1994876:sample_metadata.xlsx (position ER-MCB2, Intermediate; one point per transect position, triplicates share it); pH method not described in package (methods text omits pH; Anderson et al. 2023 ACS Earth Space Chem 7:1623 not accessible to confirm); air-dried, <2 mm sieved floodplain sediment (Meander C, East River), not a developed soil profile; depth range inferred, not confirmed: source reports a single depth (30 cm, 'shallow'/'deep'; Anderson et al. 2023 SI also gives only 30/70 cm); mapped to 15-30 cm as the 15 cm core increment (5 cm diameter slide-hammer corer) with bottom at 30 cm, per related package doi:10.15485/1860454:S_XANES_bulk soil and sediment.csv (sample labels MCB3_15-30cm_2017, MCB3_50-90cm_2017) and package methods (June 2017 Meander C cores collected in ~15 cm increments by 5 cm corer, then 8.3 cm bucket auger below coarse alluvium); Fox et al. list only position MCB3, same sampling scheme assumed for MCB1/MCB2; sampled June 2017"
doi:10.15485/1994876,MCB2017_density_and_bulk_fractions.csv,43:ER-MCB2,ID:location,15-30,2017-06,6.496,unknown,38.92295536,-106.9500587,,"lat/long source: doi:10.15485/1994876:sample_metadata.xlsx (position ER-MCB2, Intermediate; one point per transect position, triplicates share it); pH method not described in package (methods text omits pH; Anderson et al. 2023 ACS Earth Space Chem 7:1623 not accessible to confirm); air-dried, <2 mm sieved floodplain sediment (Meander C, East River), not a developed soil profile; depth range inferred, not confirmed: source reports a single depth (30 cm, 'shallow'/'deep'; Anderson et al. 2023 SI also gives only 30/70 cm); mapped to 15-30 cm as the 15 cm core increment (5 cm diameter slide-hammer corer) with bottom at 30 cm, per related package doi:10.15485/1860454:S_XANES_bulk soil and sediment.csv (sample labels MCB3_15-30cm_2017, MCB3_50-90cm_2017) and package methods (June 2017 Meander C cores collected in ~15 cm increments by 5 cm corer, then 8.3 cm bucket auger below coarse alluvium); Fox et al. list only position MCB3, same sampling scheme assumed for MCB1/MCB2; sampled June 2017"
doi:10.15485/1994876,MCB2017_density_and_bulk_fractions.csv,20:ER-MCB3,ID:location,15-30,2017-06,6.75,unknown,38.922948,-106.9499313,,"lat/long source: doi:10.15485/1994876:sample_metadata.xlsx (position ER-MCB3, Mid-meander; one point per transect position, triplicates share it); pH method not described in package (methods text omits pH; Anderson et al. 2023 ACS Earth Space Chem 7:1623 not accessible to confirm); air-dried, <2 mm sieved floodplain sediment (Meander C, East River), not a developed soil profile; depth range inferred, not confirmed: source reports a single depth (30 cm, 'shallow'/'deep'; Anderson et al. 2023 SI also gives only 30/70 cm); mapped to 15-30 cm as the 15 cm core increment (5 cm diameter slide-hammer corer) with bottom at 30 cm, per related package doi:10.15485/1860454:S_XANES_bulk soil and sediment.csv (sample labels MCB3_15-30cm_2017, MCB3_50-90cm_2017) and package methods (June 2017 Meander C cores collected in ~15 cm increments by 5 cm corer, then 8.3 cm bucket auger below coarse alluvium); Fox et al. list only position MCB3, same sampling scheme assumed for MCB1/MCB2; sampled June 2017"
doi:10.15485/1994876,MCB2017_density_and_bulk_fractions.csv,21:ER-MCB3,ID:location,15-30,2017-06,6.868,unknown,38.922948,-106.9499313,,"lat/long source: doi:10.15485/1994876:sample_metadata.xlsx (position ER-MCB3, Mid-meander; one point per transect position, triplicates share it); pH method not described in package (methods text omits pH; Anderson et al. 2023 ACS Earth Space Chem 7:1623 not accessible to confirm); air-dried, <2 mm sieved floodplain sediment (Meander C, East River), not a developed soil profile; depth range inferred, not confirmed: source reports a single depth (30 cm, 'shallow'/'deep'; Anderson et al. 2023 SI also gives only 30/70 cm); mapped to 15-30 cm as the 15 cm core increment (5 cm diameter slide-hammer corer) with bottom at 30 cm, per related package doi:10.15485/1860454:S_XANES_bulk soil and sediment.csv (sample labels MCB3_15-30cm_2017, MCB3_50-90cm_2017) and package methods (June 2017 Meander C cores collected in ~15 cm increments by 5 cm corer, then 8.3 cm bucket auger below coarse alluvium); Fox et al. list only position MCB3, same sampling scheme assumed for MCB1/MCB2; sampled June 2017"
doi:10.15485/1994876,MCB2017_density_and_bulk_fractions.csv,25:ER-MCB3,ID:location,15-30,2017-06,6.482,unknown,38.922948,-106.9499313,,"lat/long source: doi:10.15485/1994876:sample_metadata.xlsx (position ER-MCB3, Mid-meander; one point per transect position, triplicates share it); pH method not described in package (methods text omits pH; Anderson et al. 2023 ACS Earth Space Chem 7:1623 not accessible to confirm); air-dried, <2 mm sieved floodplain sediment (Meander C, East River), not a developed soil profile; depth range inferred, not confirmed: source reports a single depth (30 cm, 'shallow'/'deep'; Anderson et al. 2023 SI also gives only 30/70 cm); mapped to 15-30 cm as the 15 cm core increment (5 cm diameter slide-hammer corer) with bottom at 30 cm, per related package doi:10.15485/1860454:S_XANES_bulk soil and sediment.csv (sample labels MCB3_15-30cm_2017, MCB3_50-90cm_2017) and package methods (June 2017 Meander C cores collected in ~15 cm increments by 5 cm corer, then 8.3 cm bucket auger below coarse alluvium); Fox et al. list only position MCB3, same sampling scheme assumed for MCB1/MCB2; sampled June 2017"
doi:10.15485/1994876,MCB2017_density_and_bulk_fractions.csv,28:ER-MCB1,ID:location,50-90,2017-06,8.161,unknown,38.92296836,-106.9501598,,"lat/long source: doi:10.15485/1994876:sample_metadata.xlsx (position ER-MCB1, Near river; one point per transect position, triplicates share it); pH method not described in package (methods text omits pH; Anderson et al. 2023 ACS Earth Space Chem 7:1623 not accessible to confirm); air-dried, <2 mm sieved floodplain sediment (Meander C, East River), not a developed soil profile; depth range inferred, not confirmed: source reports a single depth (70 cm, 'shallow'/'deep'; Anderson et al. 2023 SI also gives only 30/70 cm); mapped to 50-90 cm as the bucket-auger interval (8.3 cm diameter, below coarse alluvium) with midpoint at 70 cm, per related package doi:10.15485/1860454:S_XANES_bulk soil and sediment.csv (sample labels MCB3_15-30cm_2017, MCB3_50-90cm_2017) and package methods (June 2017 Meander C cores collected in ~15 cm increments by 5 cm corer, then 8.3 cm bucket auger below coarse alluvium); Fox et al. list only position MCB3, same sampling scheme assumed for MCB1/MCB2; sampled June 2017"
doi:10.15485/1994876,MCB2017_density_and_bulk_fractions.csv,49:ER-MCB1,ID:location,50-90,2017-06,8.436,unknown,38.92296836,-106.9501598,,"lat/long source: doi:10.15485/1994876:sample_metadata.xlsx (position ER-MCB1, Near river; one point per transect position, triplicates share it); pH method not described in package (methods text omits pH; Anderson et al. 2023 ACS Earth Space Chem 7:1623 not accessible to confirm); air-dried, <2 mm sieved floodplain sediment (Meander C, East River), not a developed soil profile; depth range inferred, not confirmed: source reports a single depth (70 cm, 'shallow'/'deep'; Anderson et al. 2023 SI also gives only 30/70 cm); mapped to 50-90 cm as the bucket-auger interval (8.3 cm diameter, below coarse alluvium) with midpoint at 70 cm, per related package doi:10.15485/1860454:S_XANES_bulk soil and sediment.csv (sample labels MCB3_15-30cm_2017, MCB3_50-90cm_2017) and package methods (June 2017 Meander C cores collected in ~15 cm increments by 5 cm corer, then 8.3 cm bucket auger below coarse alluvium); Fox et al. list only position MCB3, same sampling scheme assumed for MCB1/MCB2; sampled June 2017"
doi:10.15485/1994876,MCB2017_density_and_bulk_fractions.csv,65:ER-MCB1,ID:location,50-90,2017-06,8.382,unknown,38.92296836,-106.9501598,,"lat/long source: doi:10.15485/1994876:sample_metadata.xlsx (position ER-MCB1, Near river; one point per transect position, triplicates share it); pH method not described in package (methods text omits pH; Anderson et al. 2023 ACS Earth Space Chem 7:1623 not accessible to confirm); air-dried, <2 mm sieved floodplain sediment (Meander C, East River), not a developed soil profile; depth range inferred, not confirmed: source reports a single depth (70 cm, 'shallow'/'deep'; Anderson et al. 2023 SI also gives only 30/70 cm); mapped to 50-90 cm as the bucket-auger interval (8.3 cm diameter, below coarse alluvium) with midpoint at 70 cm, per related package doi:10.15485/1860454:S_XANES_bulk soil and sediment.csv (sample labels MCB3_15-30cm_2017, MCB3_50-90cm_2017) and package methods (June 2017 Meander C cores collected in ~15 cm increments by 5 cm corer, then 8.3 cm bucket auger below coarse alluvium); Fox et al. list only position MCB3, same sampling scheme assumed for MCB1/MCB2; sampled June 2017"
doi:10.15485/1994876,MCB2017_density_and_bulk_fractions.csv,46:ER-MCB2,ID:location,50-90,2017-06,7.524,unknown,38.92295536,-106.9500587,,"lat/long source: doi:10.15485/1994876:sample_metadata.xlsx (position ER-MCB2, Intermediate; one point per transect position, triplicates share it); pH method not described in package (methods text omits pH; Anderson et al. 2023 ACS Earth Space Chem 7:1623 not accessible to confirm); air-dried, <2 mm sieved floodplain sediment (Meander C, East River), not a developed soil profile; depth range inferred, not confirmed: source reports a single depth (70 cm, 'shallow'/'deep'; Anderson et al. 2023 SI also gives only 30/70 cm); mapped to 50-90 cm as the bucket-auger interval (8.3 cm diameter, below coarse alluvium) with midpoint at 70 cm, per related package doi:10.15485/1860454:S_XANES_bulk soil and sediment.csv (sample labels MCB3_15-30cm_2017, MCB3_50-90cm_2017) and package methods (June 2017 Meander C cores collected in ~15 cm increments by 5 cm corer, then 8.3 cm bucket auger below coarse alluvium); Fox et al. list only position MCB3, same sampling scheme assumed for MCB1/MCB2; sampled June 2017"
doi:10.15485/1994876,MCB2017_density_and_bulk_fractions.csv,50:ER-MCB2,ID:location,50-90,2017-06,7.855,unknown,38.92295536,-106.9500587,,"lat/long source: doi:10.15485/1994876:sample_metadata.xlsx (position ER-MCB2, Intermediate; one point per transect position, triplicates share it); pH method not described in package (methods text omits pH; Anderson et al. 2023 ACS Earth Space Chem 7:1623 not accessible to confirm); air-dried, <2 mm sieved floodplain sediment (Meander C, East River), not a developed soil profile; depth range inferred, not confirmed: source reports a single depth (70 cm, 'shallow'/'deep'; Anderson et al. 2023 SI also gives only 30/70 cm); mapped to 50-90 cm as the bucket-auger interval (8.3 cm diameter, below coarse alluvium) with midpoint at 70 cm, per related package doi:10.15485/1860454:S_XANES_bulk soil and sediment.csv (sample labels MCB3_15-30cm_2017, MCB3_50-90cm_2017) and package methods (June 2017 Meander C cores collected in ~15 cm increments by 5 cm corer, then 8.3 cm bucket auger below coarse alluvium); Fox et al. list only position MCB3, same sampling scheme assumed for MCB1/MCB2; sampled June 2017"
doi:10.15485/1994876,MCB2017_density_and_bulk_fractions.csv,52:ER-MCB2,ID:location,50-90,2017-06,7.807,unknown,38.92295536,-106.9500587,,"lat/long source: doi:10.15485/1994876:sample_metadata.xlsx (position ER-MCB2, Intermediate; one point per transect position, triplicates share it); pH method not described in package (methods text omits pH; Anderson et al. 2023 ACS Earth Space Chem 7:1623 not accessible to confirm); air-dried, <2 mm sieved floodplain sediment (Meander C, East River), not a developed soil profile; depth range inferred, not confirmed: source reports a single depth (70 cm, 'shallow'/'deep'; Anderson et al. 2023 SI also gives only 30/70 cm); mapped to 50-90 cm as the bucket-auger interval (8.3 cm diameter, below coarse alluvium) with midpoint at 70 cm, per related package doi:10.15485/1860454:S_XANES_bulk soil and sediment.csv (sample labels MCB3_15-30cm_2017, MCB3_50-90cm_2017) and package methods (June 2017 Meander C cores collected in ~15 cm increments by 5 cm corer, then 8.3 cm bucket auger below coarse alluvium); Fox et al. list only position MCB3, same sampling scheme assumed for MCB1/MCB2; sampled June 2017"
doi:10.15485/1994876,MCB2017_density_and_bulk_fractions.csv,17:ER-MCB3,ID:location,50-90,2017-06,7.452,unknown,38.922948,-106.9499313,,"lat/long source: doi:10.15485/1994876:sample_metadata.xlsx (position ER-MCB3, Mid-meander; one point per transect position, triplicates share it); pH method not described in package (methods text omits pH; Anderson et al. 2023 ACS Earth Space Chem 7:1623 not accessible to confirm); air-dried, <2 mm sieved floodplain sediment (Meander C, East River), not a developed soil profile; depth range inferred, not confirmed: source reports a single depth (70 cm, 'shallow'/'deep'; Anderson et al. 2023 SI also gives only 30/70 cm); mapped to 50-90 cm as the bucket-auger interval (8.3 cm diameter, below coarse alluvium) with midpoint at 70 cm, per related package doi:10.15485/1860454:S_XANES_bulk soil and sediment.csv (sample labels MCB3_15-30cm_2017, MCB3_50-90cm_2017) and package methods (June 2017 Meander C cores collected in ~15 cm increments by 5 cm corer, then 8.3 cm bucket auger below coarse alluvium); Fox et al. list only position MCB3, same sampling scheme assumed for MCB1/MCB2; sampled June 2017"
doi:10.15485/1994876,MCB2017_density_and_bulk_fractions.csv,27:ER-MCB3,ID:location,50-90,2017-06,7.509,unknown,38.922948,-106.9499313,,"lat/long source: doi:10.15485/1994876:sample_metadata.xlsx (position ER-MCB3, Mid-meander; one point per transect position, triplicates share it); pH method not described in package (methods text omits pH; Anderson et al. 2023 ACS Earth Space Chem 7:1623 not accessible to confirm); air-dried, <2 mm sieved floodplain sediment (Meander C, East River), not a developed soil profile; depth range inferred, not confirmed: source reports a single depth (70 cm, 'shallow'/'deep'; Anderson et al. 2023 SI also gives only 30/70 cm); mapped to 50-90 cm as the bucket-auger interval (8.3 cm diameter, below coarse alluvium) with midpoint at 70 cm, per related package doi:10.15485/1860454:S_XANES_bulk soil and sediment.csv (sample labels MCB3_15-30cm_2017, MCB3_50-90cm_2017) and package methods (June 2017 Meander C cores collected in ~15 cm increments by 5 cm corer, then 8.3 cm bucket auger below coarse alluvium); Fox et al. list only position MCB3, same sampling scheme assumed for MCB1/MCB2; sampled June 2017"
doi:10.15485/1994876,MCB2017_density_and_bulk_fractions.csv,55:ER-MCB3,ID:location,50-90,2017-06,7.505,unknown,38.922948,-106.9499313,,"lat/long source: doi:10.15485/1994876:sample_metadata.xlsx (position ER-MCB3, Mid-meander; one point per transect position, triplicates share it); pH method not described in package (methods text omits pH; Anderson et al. 2023 ACS Earth Space Chem 7:1623 not accessible to confirm); air-dried, <2 mm sieved floodplain sediment (Meander C, East River), not a developed soil profile; depth range inferred, not confirmed: source reports a single depth (70 cm, 'shallow'/'deep'; Anderson et al. 2023 SI also gives only 30/70 cm); mapped to 50-90 cm as the bucket-auger interval (8.3 cm diameter, below coarse alluvium) with midpoint at 70 cm, per related package doi:10.15485/1860454:S_XANES_bulk soil and sediment.csv (sample labels MCB3_15-30cm_2017, MCB3_50-90cm_2017) and package methods (June 2017 Meander C cores collected in ~15 cm increments by 5 cm corer, then 8.3 cm bucket auger below coarse alluvium); Fox et al. list only position MCB3, same sampling scheme assumed for MCB1/MCB2; sampled June 2017"
