id	doi	name	matched_fields	include	json_index	note
ess-dive-01092fc392bc46d-20240819T143818677	doi:10.15485/2322567	"Hydrological control of chemical weathering and rock-carbon fluxes: East River, Colorado"	description	T	10	
ess-dive-06b3f68c29f843f-20230504T210640977033	doi:10.21952/WTR/1506940	"Geochemical exports to river from the intrameander hyporheic zone under transient hydrologic conditions, Water Resources Research: Dataset"	description	F		
ess-dive-0a37363ba198bae-20250214T163829346	doi:10.15485/1876449	"Soil thickness map at two hillslopes near the pumphouse in the east river watershed, Colorado"	"name, description, keywords, variableMeasured"	F		
ess-dive-0b0ae7b8e6e4dbb-20230504T210601135979	doi:10.21952/WTR/1526625	"Deep Unsaturated Zone Contributions to Carbon Cycling in Semiarid Environments, Journal of Geophysical Research"	"description, variableMeasured"	F		
ess-dive-0ba7ae0eb5b7573-20230504T211814681504	doi:10.15485/1813303	East River Surface and Pore Water FTICR-MS Data Associated with “Implications of sample treatment on characterization of the riverine environmental metabolome”	description	F		
ess-dive-11b796c1e83a033-20250709T195812100	doi:10.15485/2569158	"Metagenome-assembled genomes measured at 3 depths during snowmelt period in East River, CO (March, May, and June, September 2017)"	"description, keywords"	F		
ess-dive-1438b7d6eaa70e1-20250707T153211523	doi:10.15485/1618130A8	"Locations, metadata, and species cover from field sampling survey associated with NEON AOP survey, East River, CO 2018"	variableMeasured	F		"do not include; soil moisture data duplicates that reported in ess-dive-460e696d8210ed3-20260309T155937802, though with 15 fewer non-NA observations"
ess-dive-1438b7d6eaa70e1-20260309T160550600	doi:10.15485/1618130	"Locations, metadata, and species cover from field sampling survey associated with NEON AOP survey, East River, CO 2018"	variableMeasured	F		do not include; this is an earlier version of ess-dive-1438b7d6eaa70e1-20260309T160550600 under the same doi
ess-dive-173b1bd79378487-20230504T210623575724	doi:10.21952/WTR/1506944	"Using geochemical indicators to distinguish high biogeochemical activity in floodplain soils and sediments, Science of the Total Environment: Dataset"	name	F		
ess-dive-18e91eb74405882-20241017T173226640	doi:10.15485/1909712	"Raw soil carbon dioxide, moisture, temperature and micrometeorological data in the East River Watershed, Colorado June 2021-June 2024. (DE-SC0021139)"	"name, description, keywords, variableMeasured"	T	6	
ess-dive-1998cb84e8a132c-20230407T225648938144	doi:10.15485/1861892	"Stable isotopes of carbon dioxide (CO2), dissolved inorganic carbon (DIC), water and concentrations of greenhouse gases in a mountainous watershed (Crested Butte, Colorado)"	"description, variableMeasured"	F		do not include; dataset does not contain soil moisture observations
ess-dive-19d183ffbbcc244-20230407T151139561273	doi:10.15485/1924605	"ParFlow-CLM model simulation files for Maina et al., Journal of Hydrology, 2022"	description	F		
ess-dive-19e50064aae312c-20250304T004733888	doi:10.15485/2526687	"Mineralogy of floodplain sediments from Meanders C, O, and Z in the East River Watershed, CO, USA"	keywords	F		
ess-dive-1d9d5f6de23bedb-20230504T210810874422	doi:10.21952/WTR/1490867	"Remote Sensing and Geophysical Characterization of a Floodplain-Hillslope System in the East River Watershed, Colorado"	description	F		"do not include; metadata say soil moisture is included, but the columns in the file ERT_transect.txt are actually log10 EC from ERT, which are correlated in the paper with VWC data in doi:10.15485/1648526"
ess-dive-1dcad09956d38d0-20230407T142315475246	doi:10.15485/1811604	"Raw Data published in PeerJ, 2020 for Lower Subalpine needle decomposition field study 2017-2018"	"description, keywords, variableMeasured"	F		
ess-dive-23e510c07349ecc-20250407T130107341	doi:10.5440/1819363	A Distributed Temperature Profiling System for Vertically and Laterally Dense Acquisition of Soil and Snow Temperature: Supporting Data	"name, description, keywords, variableMeasured"	F		
ess-dive-288e6ac705244ac-20230504T210517541206	doi:10.15485/1601290	Predicting sedimentary bedrock subsurface weathering fronts and weathering rates: Dataset	"name, description"	F		checked  Data_files_of_Weathering_manuscript_copy.xlsx; no soil moisture or potential
ess-dive-28c4750aab75568-20240819T205237706	doi:10.15485/1895159	WHONDRS Surface Water Dissolved Organic Carbon and FTICR-MS across Stream Orders in Four United States Watersheds in 2019 and 2020 (v3)	keywords	F		
ess-dive-2978b63a1ea9841-20230504T210635631262	doi:10.21952/WTR/1506941	"Hillslope subsurface flow and transport data for the PLM transect in East River, Colorado"	"name, description, variableMeasured"	F		do not include; contains only a few single-point soil moisture observations; not useful for model benchmarking
ess-dive-29fdb34280bb0e3-20250925T190828226	doi:10.15485/2997557	"Metagenome-assembled genomes from East River floodplain sediments near Crested Butte, CO, USA (June to September 2017)"	keywords	F		
ess-dive-2b237b65646cd12-20230406T135722250438	doi:10.15485/1734791	"Overland flow numerical model prediction, Lower Triangle Region in East River Watershed, Colorado, 3 days"	description	F		
ess-dive-2ce5269771e078f-20230808T205632081	doi:10.15485/1958211	"Meteorological, reference evapotranspiration and estimated transpiration data, July 2020-Dec 2021, Slate River Floodplain, Crested Butte, Colorado"	"description, variableMeasured"	F		
ess-dive-2d5fda5384ee511-20230810T173211391	doi:10.15485/1994876	"2017 Meander C sediment characterization from the East River, Colorado"	"keywords, variableMeasured"	F		
ess-dive-2f1b7f9936889b3-20250717T234042680	doi:10.15485/2571194	"Metagenome-assembled genomes from topsoils along a hillslope water gradient across early snowmelt to late summer in East River, CO"	"name, description, keywords"	F		
ess-dive-36a33b550b3053f-20250731T010328725	doi:10.15485/2574425	"Foliar element determination from field survey in association with the National Ecological Observatory Network Airborne Observation Platform survey, East River, Colorado 2018"	description	F		
ess-dive-38e901ec3d7bd24-20230504T211548257225	doi:10.15485/1660455	"Soil Environmental Conditions in the East River Watershed, CO"	"name, description, keywords, variableMeasured"	T	7	
ess-dive-411367f686d267d-20230808T203550215	doi:10.15485/1813302	"Specific conductivity, pH, dissolved oxygen, water temperature, alkalinity and sulfide in-situ data; Slate River floodplain, Crested Butte, CO; May 2020-October 2020"	"description, keywords"	F		
ess-dive-42f34d9a4b97b5d-20230504T210532371667	doi:10.21952/WTR/1572186	"Geochemical characterization of floodplain sediments from Meander C and O in the East River Watershed, CO, USA"	"description, variableMeasured"	F		
ess-dive-42f34d9a4b97b5d-20230504T210532371667	doi:10.21952/WTR/1572186	"Geochemical characterization of floodplain sediments from Meander C and O in the East River Watershed, CO, USA"	"description, variableMeasured"	F		
ess-dive-46699da2f774f20-20251218T042254981	doi:10.15485/1602034	"Vegetation classification map and covariates associated with NEON AOP survey, East River, CO 2018"	"description, keywords, variableMeasured"	F		
ess-dive-49816505e59a096-20230410T171850389	doi:10.15485/1484811	WHONDRS Surface Water Sampling for Metabolite Biogeography (Geochemistry and Aligned FTICR-MS)	description	F		
ess-dive-4c1829de1b8a2ec-20260220T045039633	doi:10.15485/2998779	"Data for ""Depth of nutrient uptake by deep-rooted plants is regulated by water availability"""	"description, keywords"	T	3	
ess-dive-4eb59b3818c11e9-20230407T141404848849	doi:10.15485/1574502	"Depth and elevation of floodplain fine sediment along the East River near Crested Butte, Colorado measured in 2016 and 2017"	"keywords, variableMeasured"	F		
ess-dive-55f75cd069de261-20250923T164507879	doi:10.15485/2588875	"Metagenome-assembled genomes from Slate River floodplain sediments near Crested Butte, CO, USA (September 2019)"	"description, keywords"	F		
ess-dive-56565d27618498e-20250213T013101945	doi:10.15485/1875296	"Total metals, sulfur and organic carbon data; Slate River floodplain, Crested Butte, CO; March 2021-October 2021"	"description, keywords"	F		
ess-dive-57669b2e094cb57-20230504T210436309600	doi:10.15485/1650355	"Geophysical borehole logging data of wells ER-GLS1, ER-GUM1, ER-PLM7, and ER-PLM8 at the East River Watershed, Colorado"	variableMeasured	F		do not include; contains moisture estimates from nuclear magnetic resonance for borehole depth profiles without reported timestamps; likely not suitable for model benchmarking.
ess-dive-604526ffed25afc-20250128T182907765	doi:10.15485/2406989	"Data and scripts associated with “Riverine dissolved organic matter transformations increase with watershed area, water residence time, and Damköhler numbers in nested watersheds” (v2)"	variableMeasured	F		
ess-dive-60f090515e619d4-20230808T210228079	doi:10.15485/1957786	"East River Pore Water FTICR-MS Data associated with ""Geomorphic and Hydrogeochemical Controls on Fine-Scale Hyporheic Microbiome Assembly and Function"""	description	F		
ess-dive-61a0ecd70856892-20230808T205724993	doi:10.15485/1958210	"Soil water content, matric potential, carbon dioxide and oxygen concentrations, Oct 2018-Dec 2021, Slate River Floodplain, Crested Butte, Colorado"	"name, description, keywords, variableMeasured"	T	8	
ess-dive-62b2732b5ddb62c-20250923T164441015	doi:10.15485/2588874	"Metagenome-assembled genomes from Slate River floodplain sediments near Crested Butte, CO, USA (June to October 2020)"	"description, variableMeasured"	F		
ess-dive-460e696d8210ed3-20260309T155937802	doi:10.15485/3013006	"Geophysical survey associated with NEON AOP survey, East River, CO 2018"	"description, keywords, variableMeasured"	T	9	
ess-dive-6887b4b8d442714-20250213T013420813	doi:10.15485/1896309	"In-situ electrochemical and water quality data; Slate River and East River floodplains, Crested Butte, CO; May 2022-September 2022"	"description, keywords"	F		
ess-dive-6abc0f4c4a093d7-20230406T134141912105	doi:10.15485/1766811	"Nitrate, ammonium, and DON mass time series output for East River stream, vadose zone and groundwater subwatersheds from HAN-SoMo model"	description	F		
ess-dive-6b5f9d9a1f59e49-20230407T143229233774	doi:10.15485/1861432	"Data-model files associated with the manuscript ""The Effects of Spatial and Temporal Resolution of Gridded Meteorological Forcing on Watershed Hydrological Responses"" (Shuai et al., 2022 HESS)"	"description, variableMeasured"	F		
ess-dive-64109adb5fba6b5-20260114T183043578	doi:10.15485/3013006	"Geophysical survey associated with NEON AOP survey, East River, CO 2018"	"description, keywords, variableMeasured"	F		do not include; this is an earlier version of ess-dive-460e696d8210ed3-20260309T155937802 under the same doi
ess-dive-6c7085e9c544cc6-20250424T164534831	doi:10.15485/2561511	Data and scripts from: “Denoising autoencoder for reconstructing sensor observation data and predicting evapotranspiration: noisy and missing values repair and uncertainty quantification”	"description, variableMeasured"	T	4	
ess-dive-6d3178c5222ea40-20260312T223819556	doi:10.15485/3022242	"CHESS 2025: Leaf Area Index (LAI) for meadow, shrub, tree, and understory vegetation"	description	F		
ess-dive-6dc48d36ed1016b-20230504T210253029670	doi:10.15485/1727258	"Assessment of Spatiotemporal Variability of Evapotranspiration and Its Governing Factors in a Mountainous Watershed at the East River, Colorado, Water: Dataset"	keywords	F		"checked paper; methods don't require direct soil moisture measurements, nor are they archived"
ess-dive-6dd0675f464c987-20230504T210423926775	doi:10.15485/1647359	"Geochemistry, RNA radiocarbon signature, and metatranscriptome data from Rifle, Colorado groundwater well"	description	F		
ess-dive-6fb207c14692f91-20230504T210615933971	doi:10.21952/WTR/1508395	"Hydrogen Peroxide Detection in Groundwater at Rifle, Colorado"	description	F		
ess-dive-771b794bf5f54e5-20250213T012600716	doi:10.15485/1829500	"Specific conductivity, pH, dissolved oxygen, water temperature and alkalinity in-situ data; Slate River floodplain, Crested Butte, CO; March 2021-October 2021"	"description, keywords"	F		
ess-dive-77956a266d3ef5f-20230504T210214508027	doi:10.15485/1766328	"Bedrock weathering rates, reactive nitrogen influxes and effluxes, and nitrous oxide emissions rates from the Pumphouse Hillslope, East River Watershed, Colorado"	"description, keywords, variableMeasured"	F		
ess-dive-795733bff866025-20230408T012327388	doi:10.15485/1596123	"Conifer water use patterns in the East River Watershed, Colorado US, based on stable water isotopes and cellulose isotopes"	description	F		
ess-dive-7e648cd2fef2975-20240820T152902622	doi:10.15485/1969118	Surface Water Disinfection Byproducts and Organic Matter Characterization Data Associated with: “Disinfection byproducts formed during drinking water treatment reveal an export control point for dissolved organic matter in a subalpine headwater stream”	keywords	F		
ess-dive-7f1f13e619d09dc-20230407T150953515297	doi:10.15485/1892055	Data from: “Significant stream chemistry response to temperature variations in a high-elevation mountain watershed”	description	F		
ess-dive-7ff3f8c44da30f5-20230504T210203552682	doi:10.15485/1774081	Influence of Agricultural Managed Aquifer Recharge (AgMAR) and Stratigraphic Heterogeneities on Nitrate Reduction in the Deep Subsurface	"name, description"	F		
ess-dive-8080e287f32a3ac-20230407T142332642960	doi:10.15485/1813869	"Raw Data published in PeerJ, 2021 for Crested Butte decomposition field study 2017-2019."	"description, keywords, variableMeasured"	F		do not include; soil moisture observations were made in an experimental warming plot and reflect microclimate manipulations that make them unsuitable for model benchmarking.
ess-dive-811ab9412c1fa65-20250812T220444843	doi:10.15485/2404585	Data from: 'Abiotic influences on continuous conifer forest structure across a subalpine watershed'	"description, variableMeasured"	F		
ess-dive-8375485eb34dd97-20251118T231332320	doi:10.15485/2472942	"Temperature, Humidity, and Time-Lapse Video Data from the East River Watershed, Water Year 2024"	"description, keywords, variableMeasured"	F		
ess-dive-8ac2940c708a515-20230504T210140482233	doi:10.15485/1842907	"Microclimate observations associated with snowmelt experiment gradient sites, East River, Colorado, 2017 to 2020"	"description, keywords, variableMeasured"	T	5	
ess-dive-8bcf47aff705633-20250925T190850116	doi:10.15485/2997559	"Metagenome-assembled genomes from East River floodplain sediments near Crested Butte, CO, USA (May to September 2018)"	keywords	F		
ess-dive-8e7d74bfc54bb2f-20230808T205147444	doi:10.15485/1969113	"Total metals, carbon, nitrogen & anion concentration data; Slate River & East River floodplains, Crested Butte, CO; May 2022-October 2022"	"description, keywords"	F		
ess-dive-8e9aab4049f49bb-20251219T163528196	doi:10.15485/2998468	"Machine learning model inputs, outputs, and scripts associated with “Artificial intelligence-guided iterations between observations and modeling significantly improve environmental predictions”"	description	F		
ess-dive-95b6c3a1382227d-20250923T164534438	doi:10.15485/2588876	"Metagenome-assembled genomes from Slate River floodplain sediments near Crested Butte, CO, USA (June 2018)"	"description, keywords"	F		
ess-dive-979aa2448f8bca3-20230407T225655263802	doi:10.15485/1860454	"Sulfur x-ray absorption spectroscopy data from bedrock shale, soil, and floodplain sediment from the East River, Colorado watershed"	"name, description"	F		
ess-dive-987726ef1235abc-20230504T210342929747	doi:10.15485/1648526	"Time-domain reflectometer survey across the East River Watershed, Colorado"	"description, keywords, variableMeasured"	T	15	
ess-dive-98bdb20a5ff38be-20250214T193852752	doi:10.15485/2523682	Rhizosphere Soil Biogeochemical Data and Photosynthetic Data of Vicia Faba in a Rhizobox	"name, description, keywords, variableMeasured"	F		
ess-dive-99c37f341b68c1b-20240722T234513650	doi:10.15485/1998576	"Groundwater and Surface Water Flow (GSFLOW) model files for the East River, Colorado"	description	F		
ess-dive-9afe723b0361952-20230808T205535705	doi:10.15485/1908248	"Groundwater level elevation and temperature data, Oct 2018-Dec 2021, Slate River Floodplain, Crested Butte, CO"	description	F		checked transducer files; all water elevation and T; no soil moisture
ess-dive-9c87a654a04a4ef-20230407T144639705251	doi:10.15485/1818367	"Water Level Data from Wells PLM1 and PLM6 for the East River Watershed, Colorado"	description	F		
ess-dive-9e65dbe91828368-20230504T210539496657	doi:10.21952/WTR/1572196	"Copper Creek Baseflow Age Experiment using Environmental Gas Tracers in the East River Watershed, CO"	description	F		
ess-dive-9e65dbe91828368-20230504T210539496657	doi:10.21952/WTR/1572196	"Copper Creek Baseflow Age Experiment using Environmental Gas Tracers in the East River Watershed, CO"	description	F		
ess-dive-9ea5fe57db73c90-20241024T093714082510	doi:10.15485/2453885	"Groundwater and Surface Water Flow (GSFLOW) model files to explore bedrock circulation depth and porosity in Copper Creek, Colorado"	description	F		
ess-dive-9fd65df885a8e87-20250715T064942543	doi:10.15485/1646477	"Soil moisture and temperature data along the northeast facing hillslope at the Lower Montane site in the East River Watershed, Colorado"	"name, description, keywords, variableMeasured"	T	2	
ess-dive-a3b6bc4d9a4ee36-20260310T175201118	doi:10.15485/3016270	"Data from Stewart et al. 2026 ""Organic Colloid Composition in Variable-Redox Porewaters within a Mountainous Floodplain"""	"description, keywords"	F		
ess-dive-a5af2039af58f77-20250829T234104250	doi:10.15485/2587101	"Metagenome-assembled genomes from topsoils collected during NEON campaign in East River, CO (06/14/2018-06/28/2018)"	"name, description, keywords"	F		
ess-dive-a60e9db6aa54c44-20250213T012359853	doi:10.15485/1810547	"Total metals & anion concentration data; Slate River floodplain, Crested Butte, CO; May 2020-September 2020"	"description, keywords"	F		
ess-dive-a66bd8e860fd5d2-20250307T000457833	doi:10.15485/2524589	"Model Scripts for ""Old-Aged Groundwater Contributes to Mountain Hillslope Hydrologic Dynamics"""	"description, keywords"	F		
ess-dive-a685d7753ad2ac9-20241021T181631063	doi:10.15485/2429339	"Total metal, carbon, anion, iron speciation, and sulfide concentrations; Slate River, East River, and Trail Creek surface water and floodplains, Crested Butte, CO; May 2023–August 2023"	keywords	F		
ess-dive-a6f104cbeb66849-20250522T194124305	doi:10.15485/1969563	"Electrical Resistivity Tomography data from 2016 to 2018 at the Lower Montane site in the East River Watershed, Colorado"	keywords	F		checked ERT_sm.zip; not soil moisture
ess-dive-a952b79b1184ed5-20230504T210725850006	doi:10.21952/WTR/1505876	Transport and humification of dissolved organic matter within a semi-arid floodplain: Dataset	description	F		
ess-dive-a99be52b7a6114c-20230504T210134503379	doi:10.15485/1842908	"Surface soil temperature and water content from warming experiment located at the Rocky Mountain Biological Laboratory, Colorado, 2015 to 2019"	"name, description, variableMeasured"	T	23	
ess-dive-afaab2eda791799-20230407T151520930418	doi:10.15485/1877377	"ATS (Advanced Terrestrial Simulator) integrated hydrology and reactive transport model output in Copper Creek, Colorado"	variableMeasured	F		
ess-dive-b36bef9c2358776-20230407T141928959722	doi:10.15485/1756193	"Estimating Watershed Subsurface Permeability From Stream Discharge Data using Deep Neural Networks, Frontiers in Earth Science: Dataset"	"name, description"	F		
ess-dive-b3d271f19a94e8d-20260114T204512119	doi:10.15485/3007697	"Meteorological and Soil Data from Ecohydrology Sensor Towers at Pump House and Snodgrass Mountain in East River Watershed, Colorado, 2019-2025"	"name, description, keywords, variableMeasured"	T	16	
ess-dive-b78a927a09f3c35-20230807T190241249	doi:10.15485/1866836	"QA/QC-ed Groundwater Level Time Series in PLM-1 and PLM-6 Monitoring Wells, East River, Colorado (2016-2022)"	description	F		
ess-dive-b7f8948fd77fd63-20240514T174755461	doi:10.15485/1647654	"Sapflow and xylem water isotopes from Snodgrass Mountain, East River Watershed, Colorado USA"	"description, keywords"	F		
ess-dive-b8764d466d15255-20250307T000152589	doi:10.15485/2473235	"Geochemistry and Strontium Isotopes for Coal Creek Watershed, Colorado, 2021-2022"	description	F		
ess-dive-b924878d23c9dd7-20250214T163427929	doi:10.15485/1577267	"Soil Nitrogen, Water Content, Microbial Biomass, and Archaeal, Bacterial and Fungal Communities from the East River Watershed, Colorado collected in 2016-2017"	"name, description, keywords"	T	18	
ess-dive-b93a12ae95e3f65-20230504T210241093206	doi:10.15485/1734577	"Unsaturated and Saturated Hydraulic Parameters of Soils at the East River Watershed, Colorado Calculated using the Pedotransfer Function Method."	"name, description, keywords, variableMeasured"	F		checked 'Unsaturated_Saturated_Hydraulic_parameters_PTF_calculated_EAST_RIVER.xlsx'; all parameters based on soil characteristics; no soil moisture measurements
ess-dive-bd8e625abe6f0a0-20250214T163214399	doi:10.21952/WTR/1573029	"Sample Collection Metadata for Soil Cores from the East River Watershed, Colorado collected in 2017"	"name, description, keywords"	F		
ess-dive-be919d7d5d42c94-20240130T205332180	doi:10.15485/2283406	"Geophysical and Environmental Monitoring Data, and Subsurface Flow Modelling Results for Chicken Bone Meadow, Mt. Snodgrass, Crested Butte, CO"	"name, description, keywords, variableMeasured"	T	17	
ess-dive-beca0be9bb38ece-20250516T122010234	doi:10.15485/2566877	"Soil moisture and temperature from 2019 to 2024 along northeast- and southwest-facing hillslopes at the Lower Montane site in the East River Watershed, Colorado"	"name, description, keywords, variableMeasured"	T	1	
ess-dive-c20ddbe8049415d-20240820T170910732	doi:10.15485/1839188	"FTICR-MS and Biochemical Transformation Data from Global Inland River Water and Sediment Associated with: ""Organic Matter Transformations are Disconnected Between Surface Water and the Hyporheic Zone"""	description	F		
ess-dive-c37aaf9ed6d4c0d-20230504T205923265966	doi:10.15485/1788230	"Continuous sensor suite measurements of weather, energy, soil and flux at four PumpHouse sites at the East River, Colorado"	"name, description, keywords, variableMeasured"	T	27	
ess-dive-c4be737cc0c6781-20230407T151651083472	doi:10.15485/1874376	"Data used in manuscript ""Quantifying Subsurface Flow and Solute Transport in a Snowmelt-recharged Hillslope with Multiyear Water Balance"", submitted to Water Resources Research on 5-26-2022"	"name, description, keywords"	F		do not include; contains only a few single-point soil moisture observations; not useful for model benchmarking
ess-dive-c867baa5f602eed-20260310T172234320	doi:10.15485/3014404	CHESS 2025: Field-collected vegetation attributes and site photos	description	F		
ess-dive-c8a3327530c6156-20260205T201539346	doi:10.15485/3001338	"Temperature, Humidity, and Time-Lapse Video Data from the East River Watershed, Water Years 2024 and 2025"	"description, keywords, variableMeasured"	F		
ess-dive-c938a042bca2b42-20251015T134002080	doi:10.15485/2997555	"Site and endmember spectra of terrestrial vegetation and soils for the Colorado Headwaters Ecological Spectroscopy Study, June-July 2025"	"name, description, keywords"	F		
ess-dive-c9c1219b879dc0b-20230504T210223548482	doi:10.15485/1734795	"Modeling the impact of riparian hollows on river corridor nitrogen exports, Frontiers in Water: Dataset"	variableMeasured	F		
ess-dive-cb5e7693a0414e9-20230407T150801077755	doi:10.15485/1889747	"Model files for estimating snow dynamics and stable water isotopes across the East River, CO."	description	F		
ess-dive-cfe28434760f259-20250925T190916710	doi:10.15485/2997556	"Metagenome-assembled genomes from East River floodplain sediments near Crested Butte, CO, USA (June to September 2019)"	keywords	F		
ess-dive-d08d8b5675682c8-20251216T012206034	doi:10.15485/3005940	"2D reactive transport model of shale chemical weathering and biogeochemical fluxes along a mountainous hillslope, East River Watershed, Colorado: Input files and simulation results"	description	F		
ess-dive-d406979c11cd74f-20230407T142032093191	doi:10.15485/1766092	"River and hyporheic zone water geochemical data from OsmoSamplers, East River Pumphouse, Colorado, Nov 2017-Sept 2018"	description	F		
ess-dive-d87cdd8adf1714a-20230504T210803094512	doi:10.21952/WTR/1495379	"Deep vadose zone respiration contributions to CO2 fluxes from a semi-arid floodplain, Vadose Zone Journal: Dataset"	"description, keywords, variableMeasured"	F		
ess-dive-d999e35535bef74-20260310T174630931	doi:10.15485/3022760	"Surface Water Quality Data from Beaver-Impacted Streams; Trail Creek and East River, Colorado 2025"	keywords	F		
ess-dive-daa156d2129c471-20250716T160748658	doi:10.15485/2462766	"Daily water stable isotopes, transpiration, and matrix potential data for an aspen and engelmann stand in the East River Watershed (version 2)"	"description, keywords, variableMeasured"	T	24	
ess-dive-dc0b26a1fc85bc4-20230504T210306452062	doi:10.15485/1701757	"Method used in Tokunaga, T. et al. 2018 for simulating time- and depth- dependent temperature variations in soil and sediment in Rifle, Colorado, 2013-2016."	"name, description, keywords, variableMeasured"	F		
ess-dive-e4a23432b120ad9-20231226T180444373	doi:10.15485/2246724	Scripts and data associated with a manuscript linking soil and sediment elemental composition with dissolved organic matter chemistry across CONUS	"name, description, variableMeasured"	F		
ess-dive-e67ab1151ebc525-20230929T190307767	doi:10.6084/M9.FIGSHARE.7834406.V2	"Raw soil carbon dioxide, moisture, and temperature data from a mixed conifer and aspen forest stands in the East River Watershed of Colorado June 2011-December 2021."	"name, description, keywords, variableMeasured"	T	25	
ess-dive-e8e695232ab94ee-20230504T210349872291	doi:10.15485/1660462	"Natural abundance nitrate isotopes from Rifle and the East River Watershed, Colorado"	description	F		checked Lysimeters_East_River_Nitrate_Isotopes.csv; not soil moisture or potential
ess-dive-e976198fe417dbb-20260120T221407727	doi:10.15485/1923689	WHONDRS River Corridor Sediment and Water Geochemistry and In Situ Sensor Data from Machine-Learning-Informed Sites across the Contiguous United States (v6)	"description, keywords"	F		
ess-dive-ed1840c6c2f6989-20250902T182452025	doi:10.15485/2572883	"Montane Conifer, Aspen, Meadow, and Sagebrush Metagenome Resolved Genomes and Traits in East River Watershed, Colorado, USA"	"description, keywords"	F		
ess-dive-f2371c024052163-20230407T141901172168	doi:10.15485/1725884	"Bulk density, grain size, carbon, and nitrogen content of floodplain fine sediment along the East River, Colorado collected from 2014 to 2017"	"description, keywords, variableMeasured"	F		
ess-dive-f4857c5ceb9807c-20230504T210502475886	doi:10.15485/1631979	"Genome-resolved metagenomics and metatranscriptomics of microbial communities in three meander-bound floodplain soils along the East River, Colorado."	"name, description"	F		
ess-dive-f782da867133296-20230504T211008637996	doi:10.15485/1671826	"Soil bulk density and texture data collected during field survey associated with NEON AOP survey, East River, CO 2018"	"name, description, keywords, variableMeasured"	T	26	
ess-dive-fc2fa2b6f0b0fde-20230504T210403228421	doi:10.15485/1647038	"Hyporheic, Floodplain, and Surface Water (on Floodplain and River) Geochemical Datasets, and Shapefiles on Meander C at the East River, Colorado"	variableMeasured	F		
ess-dive-fcacab7ea37cbd0-20230504T210705883912	doi:10.21952/WTR/1506937	"Influence of hydrological, biogeochemical and temperature transients on subsurface carbon fluxes in a flood plain environment, Biogeochemistry: Dataset"	"name, description, keywords"	F		