"filename","url"
"ess-dive-beca0be9bb38ece-20250516T122010234_harmonized.csv","https://drive.google.com/uc?id=1BBow4cLdOBG5JFB0lBsf2lUwwCvERHUU&export=download"
"ess-dive-be919d7d5d42c94-20240130T205332180_harmonized.csv","https://drive.google.com/uc?id=1xRi-P-rZ-5TvrkRQ-zbGIoCV7d1ev5Af&export=download"
"ess-dive-987726ef1235abc-20230504T210342929747_harmonized.csv","https://drive.google.com/uc?id=1Bl8l1QcAT-fUhHltT0QjAH2SokgnN4T3&export=download"
"ess-dive-2978b63a1ea9841-20230504T210635631262_harmonized.csv","https://drive.google.com/uc?id=1S-xMSPDIzvgLs2svR8pFxkkMgxk9orzW&export=download"
"ess-dive-1998cb84e8a132c-20230407T225648938144_harmonized.csv","https://drive.google.com/uc?id=1tfJjDqw9tRA-3QAL8uatycAJXySa-J6h&export=download"
"ess-dive-1438b7d6eaa70e1-20260309T160550600_harmonized.csv","https://drive.google.com/uc?id=1gmmEZghfyYQWPaJkc5_21Fizb5XMPrmF&export=download"
"ess-dive-61a0ecd70856892-20230808T205724993_harmonized.csv","https://drive.google.com/uc?id=16U-DA-_U1_XGS9PqQeEn4T_FxN-U1IRm&export=download"
"ess-dive-38e901ec3d7bd24-20230504T211548257225_harmonized.csv","https://drive.google.com/uc?id=1A_vooEhhMCdTKc1qptjKgrzQga9OaFQN&export=download"
"ess-dive-18e91eb74405882-20241017T173226640_harmonized.csv","https://drive.google.com/uc?id=1Zq6DeQ-fOaiiJY83L-o6d57JKLdS1zzN&export=download"
"ess-dive-9fd65df885a8e87-20250715T064942543_harmonized.csv","https://drive.google.com/uc?id=1IXIu8PWXvBED2z8HasTK1Swz2esmGg5f&export=download"
"ess-dive-8ac2940c708a515-20230504T210140482233_harmonized.csv","https://drive.google.com/uc?id=1E-B04J-fbjZoKnyuYgv_SqCdEkdVwldg&export=download"
"ess-dive-4c1829de1b8a2ec-20260220T045039633_harmonized.csv","https://drive.google.com/uc?id=1k3-KU_q6VoSnS6htPzctsI8fOcSAt8w4&export=download"
"ess-dive-b3d271f19a94e8d-20260114T204512119_harmonized.csv","https://drive.google.com/uc?id=1v4oJB0OsUSPn2xUEszKbcAxfT-l3pHG6&export=download"
"ess-dive-b924878d23c9dd7-20250214T163427929_harmonized.csv","https://drive.google.com/uc?id=1zfeckeUV-ppFXaH4w-GU01nBx20XxaRP&export=download"
"ess-dive-01092fc392bc46d-20240819T143818677_harmonized.csv","https://drive.google.com/uc?id=1xZ7fBCvKFXDlulTBfuKEb_PXvG5sbyVg&export=download"
"ess-dive-460e696d8210ed3-20260309T155937802_harmonized.csv","https://drive.google.com/uc?id=1Qtl9W5fx9z3NTh9jpXq7YSqnq16g9IUC&export=download"
"ess-dive-1438b7d6eaa70e1-20250707T153211523_harmonized.csv","https://drive.google.com/uc?id=1hJsCYeGDlQxOJfDbMvgS4AoSC21Tc_T_&export=download"
"ess-dive-64109adb5fba6b5-20260114T183043578_harmonized.csv","https://drive.google.com/uc?id=1DcJAC_OhYKgrrFBrMyg-g0hw6mTRr901&export=download"
"ess-dive-6c7085e9c544cc6-20250424T164534831_harmonized.csv","https://drive.google.com/uc?id=1cGFs8XcprrK2LoEh3360kM2fpGbNHecV&export=download"
"location_data_harmonized_with_uuid.csv",""https://drive.google.com/uc?id=1RJ7f_kv2PG1IzaezbzAwH6tr2eL1DGWg&export=download""
