"","filename","object_id","url"
"1","ess-dive-f782da867133296-20230504T211008637996_harmonized.csv","1XsMPT8vR6ylbqmSGATMkczt1V3JwIJ9G","https://drive.google.com/uc?export=download&id=1XsMPT8vR6ylbqmSGATMkczt1V3JwIJ9G"
"2","ess-dive-460e696d8210ed3-20260309T155937802_harmonized.csv","10f-4imEeMb9sezECQFObKEYIL6dkakQE","https://drive.google.com/uc?export=download&id=10f-4imEeMb9sezECQFObKEYIL6dkakQE"
"3","ess-dive-be919d7d5d42c94-20240130T205332180_harmonized.csv","1JBNX6B_gHRF4xH2s9PwCE8oz66Ldrjhh","https://drive.google.com/uc?export=download&id=1JBNX6B_gHRF4xH2s9PwCE8oz66Ldrjhh"
"4","ess-dive-b3d271f19a94e8d-20260114T204512119_harmonized.csv","1k2NRRYqa8Vej3B-JOmaBw4gymsA_NT1S","https://drive.google.com/uc?export=download&id=1k2NRRYqa8Vej3B-JOmaBw4gymsA_NT1S"
"5","ess-dive-daa156d2129c471-20250716T160748658_harmonized.csv","1p7vjZGSKU99dubuh-qc9ZUFKYkJQ7KEp","https://drive.google.com/uc?export=download&id=1p7vjZGSKU99dubuh-qc9ZUFKYkJQ7KEp"
"6","ess-dive-987726ef1235abc-20230504T210342929747_harmonized.csv","146nsp5pO0-GrdAvvbK_uKdijId5Ht-Ee","https://drive.google.com/uc?export=download&id=146nsp5pO0-GrdAvvbK_uKdijId5Ht-Ee"
"7","ess-dive-01092fc392bc46d-20240819T143818677_harmonized.csv","1P6KqWAvZUoSalcto8JeJalVrnrQkMp-t","https://drive.google.com/uc?export=download&id=1P6KqWAvZUoSalcto8JeJalVrnrQkMp-t"
"8","ess-dive-c37aaf9ed6d4c0d-20230504T205923265966_harmonized.csv","1zJ0jcodGvVfLwaceBsHFuz21Vf2qT5Gz","https://drive.google.com/uc?export=download&id=1zJ0jcodGvVfLwaceBsHFuz21Vf2qT5Gz"
"9","ess-dive-b924878d23c9dd7-20250214T163427929_harmonized.csv","1FP3lm8cui14TKlhWVBuLw7SRz-prGmUy","https://drive.google.com/uc?export=download&id=1FP3lm8cui14TKlhWVBuLw7SRz-prGmUy"
"10","ess-dive-beca0be9bb38ece-20250516T122010234_harmonized.csv","19fP2hyT9wBEIuJyOs_6LAOMFxon1M7o_","https://drive.google.com/uc?export=download&id=19fP2hyT9wBEIuJyOs_6LAOMFxon1M7o_"
"11","ess-dive-a99be52b7a6114c-20230504T210134503379_harmonized.csv","1ticYi-mEo_iKYSobeV-C53N-JDGBqTST","https://drive.google.com/uc?export=download&id=1ticYi-mEo_iKYSobeV-C53N-JDGBqTST"
"12","ess-dive-61a0ecd70856892-20230808T205724993_harmonized.csv","14eMDqrkW_wNKdNVZPTcl1ysn-kG9Fa9e","https://drive.google.com/uc?export=download&id=14eMDqrkW_wNKdNVZPTcl1ysn-kG9Fa9e"
"13","ess-dive-e67ab1151ebc525-20230929T190307767_harmonized.csv","1KGxRx2ZlWHLv9Ru0O2hSstetiLPWQi91","https://drive.google.com/uc?export=download&id=1KGxRx2ZlWHLv9Ru0O2hSstetiLPWQi91"
"14","ess-dive-6c7085e9c544cc6-20250424T164534831_harmonized.csv","1NqLONk42XfPxTCnxHKKTCXq4Mn3gwXvG","https://drive.google.com/uc?export=download&id=1NqLONk42XfPxTCnxHKKTCXq4Mn3gwXvG"
"15","ess-dive-4c1829de1b8a2ec-20260220T045039633_harmonized.csv","1wN9AtZgkCsCqUUzDs2q907IiXMkAVIWX","https://drive.google.com/uc?export=download&id=1wN9AtZgkCsCqUUzDs2q907IiXMkAVIWX"
"16","ess-dive-9fd65df885a8e87-20250715T064942543_harmonized.csv","1q79hML8JaYiNhxMzJyMUHplXSzHy9Kvf","https://drive.google.com/uc?export=download&id=1q79hML8JaYiNhxMzJyMUHplXSzHy9Kvf"
"17","ess-dive-38e901ec3d7bd24-20230504T211548257225_harmonized.csv","1A24c5JlmFxfl6QqtwhZecsdXmCvZkf3w","https://drive.google.com/uc?export=download&id=1A24c5JlmFxfl6QqtwhZecsdXmCvZkf3w"
"18","ess-dive-18e91eb74405882-20241017T173226640_harmonized.csv","1zuvjW5UQvzohEt7IJ4owyIm_JWLL4TuW","https://drive.google.com/uc?export=download&id=1zuvjW5UQvzohEt7IJ4owyIm_JWLL4TuW"
"19","ess-dive-8ac2940c708a515-20230504T210140482233_harmonized.csv","1x5pQmQ37eRuJ8rf5wvue-2Ie8k8Ynuvy","https://drive.google.com/uc?export=download&id=1x5pQmQ37eRuJ8rf5wvue-2Ie8k8Ynuvy"
